game_id,season,week,date,away_team,home_team,away_score,home_score,source_provider,source_game_id
401856766,2026,1,2026-08-29,North Carolina,TCU,15,10,CollegeFootballData (CFBD),401856766
401858201,2026,1,2026-08-29,Hawai'i,Stanford,27,37,CollegeFootballData (CFBD),401858201
401858202,2026,1,2026-08-29,NC State,Virginia,8,34,CollegeFootballData (CFBD),401858202
401864494,2026,1,2026-08-29,San José State,USC,26,42,CollegeFootballData (CFBD),401864494
401864570,2026,1,2026-08-29,New Mexico State,Florida State,17,34,CollegeFootballData (CFBD),401864570
401864577,2026,1,2026-08-29,Jacksonville State,North Dakota State,7,33,CollegeFootballData (CFBD),401864577
401866408,2026,1,2026-08-29,Sacramento State,Eastern Michigan,17,28,CollegeFootballData (CFBD),401866408
401862693,2026,1,2026-08-30,Memphis,UNLV,27,21,CollegeFootballData (CFBD),401862693
401858204,2026,1,2026-09-03,Akron,Wake Forest,16,38,CollegeFootballData (CFBD),401858204
401858423,2026,1,2026-09-03,Massachusetts,Rutgers,37,21,CollegeFootballData (CFBD),401858423
401856776,2026,1,2026-09-04,Colorado,Georgia Tech,14,13,CollegeFootballData (CFBD),401856776
401858424,2026,1,2026-09-04,UAB,Illinois,23,42,CollegeFootballData (CFBD),401858424
401864495,2026,1,2026-09-04,San José State,Eastern Michigan,27,21,CollegeFootballData (CFBD),401864495
401856634,2026,1,2026-09-05,East Carolina,Alabama,10,48,CollegeFootballData (CFBD),401856634
401856636,2026,1,2026-09-05,Baylor,Auburn,16,17,CollegeFootballData (CFBD),401856636
401856637,2026,1,2026-09-05,Florida Atlantic,Florida,21,66,CollegeFootballData (CFBD),401856637
401856660,2026,1,2026-09-05,Clemson,LSU,10,51,CollegeFootballData (CFBD),401856660
401856662,2026,1,2026-09-05,UL Monroe,Mississippi State,13,62,CollegeFootballData (CFBD),401856662
401856664,2026,1,2026-09-05,UTEP,Oklahoma,0,51,CollegeFootballData (CFBD),401856664
401856665,2026,1,2026-09-05,Kent State,South Carolina,0,57,CollegeFootballData (CFBD),401856665
401856667,2026,1,2026-09-05,Texas State,Texas,7,59,CollegeFootballData (CFBD),401856667
401856668,2026,1,2026-09-05,Missouri State,Texas A&M,0,50,CollegeFootballData (CFBD),401856668
401856772,2026,1,2026-09-05,Oklahoma State,Tulsa,10,24,CollegeFootballData (CFBD),401856772
401856777,2026,1,2026-09-05,Boston College,Cincinnati,15,34,CollegeFootballData (CFBD),401856777
401856778,2026,1,2026-09-05,Oregon State,Houston,20,33,CollegeFootballData (CFBD),401856778
401856780,2026,1,2026-09-05,Coastal Carolina,West Virginia,24,31,CollegeFootballData (CFBD),401856780
401858206,2026,1,2026-09-05,Miami,Stanford,45,6,CollegeFootballData (CFBD),401858206
401858207,2026,1,2026-09-05,Miami (OH),Pittsburgh,14,59,CollegeFootballData (CFBD),401858207
401858209,2026,1,2026-09-05,Tulane,Duke,3,17,CollegeFootballData (CFBD),401858209
401858425,2026,1,2026-09-05,North Texas,Indiana,16,52,CollegeFootballData (CFBD),401858425
401858426,2026,1,2026-09-05,Northern Illinois,Iowa,0,40,CollegeFootballData (CFBD),401858426
401858428,2026,1,2026-09-05,Western Michigan,Michigan,12,13,CollegeFootballData (CFBD),401858428
401858429,2026,1,2026-09-05,Toledo,Michigan State,20,30,CollegeFootballData (CFBD),401858429
401858430,2026,1,2026-09-05,Ohio,Nebraska,21,49,CollegeFootballData (CFBD),401858430
401858432,2026,1,2026-09-05,Ball State,Ohio State,3,56,CollegeFootballData (CFBD),401858432
401858433,2026,1,2026-09-05,Boise State,Oregon,27,34,CollegeFootballData (CFBD),401858433
401858434,2026,1,2026-09-05,Marshall,Penn State,0,45,CollegeFootballData (CFBD),401858434
401858436,2026,1,2026-09-05,Fresno State,USC,0,39,CollegeFootballData (CFBD),401858436
401860878,2026,1,2026-09-05,Wyoming,Colorado State,13,35,CollegeFootballData (CFBD),401860878
401862695,2026,1,2026-09-05,Arkansas State,Memphis,24,42,CollegeFootballData (CFBD),401862695
401862699,2026,1,2026-09-05,Florida International,South Florida,9,19,CollegeFootballData (CFBD),401862699
401869960,2026,1,2026-09-05,Liberty,James Madison,13,20,CollegeFootballData (CFBD),401869960
401870763,2026,1,2026-09-05,Sam Houston,Troy,21,24,CollegeFootballData (CFBD),401870763
401856661,2026,1,2026-09-06,Louisville,Ole Miss,38,41,CollegeFootballData (CFBD),401856661
401858210,2026,1,2026-09-06,UCLA,California,45,24,CollegeFootballData (CFBD),401858210
401858437,2026,1,2026-09-06,Washington State,Washington,10,24,CollegeFootballData (CFBD),401858437
401858438,2026,1,2026-09-06,Notre Dame,Wisconsin,41,13,CollegeFootballData (CFBD),401858438
401864432,2026,1,2026-09-06,Western Kentucky,Nevada,14,49,CollegeFootballData (CFBD),401864432
401864497,2026,1,2026-09-06,UNLV,Hawai'i,21,6,CollegeFootballData (CFBD),401864497
401864498,2026,1,2026-09-06,Central Michigan,New Mexico,7,38,CollegeFootballData (CFBD),401864498
401858212,2026,1,2026-09-07,SMU,Florida State,27,24,CollegeFootballData (CFBD),401858212
401858214,2026,2,2026-09-11,Rutgers,Boston College,21,28,CollegeFootballData (CFBD),401858214
401856671,2026,2,2026-09-12,Southern Miss,Auburn,8,43,CollegeFootballData (CFBD),401856671
401856673,2026,2,2026-09-12,Western Kentucky,Georgia,20,70,CollegeFootballData (CFBD),401856673
401856674,2026,2,2026-09-12,Alabama,Kentucky,45,17,CollegeFootballData (CFBD),401856674
401856676,2026,2,2026-09-12,Charlotte,Ole Miss,9,41,CollegeFootballData (CFBD),401856676
401856677,2026,2,2026-09-12,Mississippi State,Minnesota,38,13,CollegeFootballData (CFBD),401856677
401856678,2026,2,2026-09-12,Missouri,Kansas,38,21,CollegeFootballData (CFBD),401856678
401856679,2026,2,2026-09-12,Oklahoma,Michigan,10,17,CollegeFootballData (CFBD),401856679
401856681,2026,2,2026-09-12,Tennessee,Georgia Tech,45,24,CollegeFootballData (CFBD),401856681
401856682,2026,2,2026-09-12,Ohio State,Texas,23,24,CollegeFootballData (CFBD),401856682
401856683,2026,2,2026-09-12,Arizona State,Texas A&M,20,48,CollegeFootballData (CFBD),401856683
401856684,2026,2,2026-09-12,Delaware,Vanderbilt,26,35,CollegeFootballData (CFBD),401856684
401856781,2026,2,2026-09-12,Washington State,Kansas State,7,34,CollegeFootballData (CFBD),401856781
401856782,2026,2,2026-09-12,Oregon,Oklahoma State,31,39,CollegeFootballData (CFBD),401856782
401856783,2026,2,2026-09-12,Texas Tech,Oregon State,35,24,CollegeFootballData (CFBD),401856783
401856788,2026,2,2026-09-12,Iowa State,Iowa,13,16,CollegeFootballData (CFBD),401856788
401856790,2026,2,2026-09-12,UCF,Pittsburgh,7,12,CollegeFootballData (CFBD),401856790
401856810,2026,2,2026-09-12,Arizona,BYU,17,28,CollegeFootballData (CFBD),401856810
401858216,2026,2,2026-09-12,California,Syracuse,21,18,CollegeFootballData (CFBD),401858216
401858217,2026,2,2026-09-12,Duke,Illinois,31,27,CollegeFootballData (CFBD),401858217
401858219,2026,2,2026-09-12,Georgia Southern,Clemson,7,22,CollegeFootballData (CFBD),401858219
401858221,2026,2,2026-09-12,Old Dominion,Virginia Tech,21,44,CollegeFootballData (CFBD),401858221
401858224,2026,2,2026-09-12,Wake Forest,Purdue,38,36,CollegeFootballData (CFBD),401858224
401858440,2026,2,2026-09-12,Eastern Michigan,Michigan State,7,35,CollegeFootballData (CFBD),401858440
401858441,2026,2,2026-09-12,Bowling Green,Nebraska,7,56,CollegeFootballData (CFBD),401858441
401858442,2026,2,2026-09-12,Penn State,Temple,27,9,CollegeFootballData (CFBD),401858442
401858443,2026,2,2026-09-12,San Diego State,UCLA,10,28,CollegeFootballData (CFBD),401858443
401858444,2026,2,2026-09-12,Maryland,UConn,38,14,CollegeFootballData (CFBD),401858444
401858446,2026,2,2026-09-12,Utah State,Washington,14,16,CollegeFootballData (CFBD),401858446
401859184,2026,2,2026-09-12,Rice,Notre Dame,0,52,CollegeFootballData (CFBD),401859184
401860881,2026,2,2026-09-12,Memphis,Boise State,20,38,CollegeFootballData (CFBD),401860881
401860884,2026,2,2026-09-12,UTSA,Texas State,31,26,CollegeFootballData (CFBD),401860884
401862702,2026,2,2026-09-12,South Florida,Army,28,24,CollegeFootballData (CFBD),401862702
401862703,2026,2,2026-09-12,Navy,Florida Atlantic,30,38,CollegeFootballData (CFBD),401862703
401862705,2026,2,2026-09-12,UNLV,North Texas,6,44,CollegeFootballData (CFBD),401862705
401862707,2026,2,2026-09-12,Tulsa,Sam Houston,23,17,CollegeFootballData (CFBD),401862707
401862708,2026,2,2026-09-12,UL Monroe,UAB,20,26,CollegeFootballData (CFBD),401862708
401864571,2026,2,2026-09-12,App State,East Carolina,27,24,CollegeFootballData (CFBD),401864571
401864575,2026,2,2026-09-12,South Alabama,Tulane,24,28,CollegeFootballData (CFBD),401864575
401866414,2026,2,2026-09-12,Buffalo,Florida International,20,33,CollegeFootballData (CFBD),401866414
401866418,2026,2,2026-09-12,Jacksonville State,Ohio,27,29,CollegeFootballData (CFBD),401866418
401867796,2026,2,2026-09-12,Louisiana Tech,LSU,14,45,CollegeFootballData (CFBD),401867796
401869955,2026,2,2026-09-12,Georgia State,Kennesaw State,31,17,CollegeFootballData (CFBD),401869955
401871045,2026,2,2026-09-12,Middle Tennessee,Marshall,26,28,CollegeFootballData (CFBD),401871045
401856670,2026,2,2026-09-13,Arkansas,Utah,10,43,CollegeFootballData (CFBD),401856670
401858445,2026,2,2026-09-13,Louisiana,USC,30,49,CollegeFootballData (CFBD),401858445
401860883,2026,2,2026-09-13,Sacramento State,Fresno State,3,49,CollegeFootballData (CFBD),401860883
401864502,2026,2,2026-09-13,North Dakota State,Air Force,38,32,CollegeFootballData (CFBD),401864502
401864578,2026,2,2026-09-13,New Mexico State,Hawai'i,19,29,CollegeFootballData (CFBD),401864578
401858225,2026,3,2026-09-17,Syracuse,Pittsburgh,13,27,CollegeFootballData (CFBD),401858225
401858226,2026,3,2026-09-18,Miami,Wake Forest,33,20,CollegeFootballData (CFBD),401858226
401856685,2026,3,2026-09-19,Florida State,Alabama,36,50,CollegeFootballData (CFBD),401856685
401856686,2026,3,2026-09-19,Georgia,Arkansas,45,17,CollegeFootballData (CFBD),401856686
401856687,2026,3,2026-09-19,Florida,Auburn,44,39,CollegeFootballData (CFBD),401856687
401856688,2026,3,2026-09-19,LSU,Ole Miss,24,32,CollegeFootballData (CFBD),401856688
401856689,2026,3,2026-09-19,Troy,Missouri,17,27,CollegeFootballData (CFBD),401856689
401856690,2026,3,2026-09-19,New Mexico,Oklahoma,6,14,CollegeFootballData (CFBD),401856690
401856691,2026,3,2026-09-19,Mississippi State,South Carolina,41,34,CollegeFootballData (CFBD),401856691
401856692,2026,3,2026-09-19,Kennesaw State,Tennessee,9,42,CollegeFootballData (CFBD),401856692
401856694,2026,3,2026-09-19,Kentucky,Texas A&M,31,21,CollegeFootballData (CFBD),401856694
401856695,2026,3,2026-09-19,NC State,Vanderbilt,31,35,CollegeFootballData (CFBD),401856695
401856792,2026,3,2026-09-19,Tulane,Kansas State,20,31,CollegeFootballData (CFBD),401856792
401856795,2026,3,2026-09-19,BYU,Colorado State,41,23,CollegeFootballData (CFBD),401856795
401856796,2026,3,2026-09-19,Colorado,Northwestern,7,41,CollegeFootballData (CFBD),401856796
401856797,2026,3,2026-09-19,Miami (OH),Cincinnati,31,35,CollegeFootballData (CFBD),401856797
401856798,2026,3,2026-09-19,Bowling Green,Iowa State,7,55,CollegeFootballData (CFBD),401856798
401856800,2026,3,2026-09-19,Georgia State,UCF,30,44,CollegeFootballData (CFBD),401856800
401856801,2026,3,2026-09-19,Utah State,Utah,0,33,CollegeFootballData (CFBD),401856801
401856802,2026,3,2026-09-19,Virginia,West Virginia,27,38,CollegeFootballData (CFBD),401856802
401856811,2026,3,2026-09-19,Houston,Texas Tech,26,28,CollegeFootballData (CFBD),401856811
401856812,2026,3,2026-09-19,Arizona State,Kansas,24,17,CollegeFootballData (CFBD),401856812
401858229,2026,3,2026-09-19,North Carolina,Clemson,20,28,CollegeFootballData (CFBD),401858229
401858230,2026,3,2026-09-19,SMU,Louisville,31,41,CollegeFootballData (CFBD),401858230
401858231,2026,3,2026-09-19,Stanford,Duke,7,35,CollegeFootballData (CFBD),401858231
401858232,2026,3,2026-09-19,Virginia Tech,Maryland,35,26,CollegeFootballData (CFBD),401858232
401858449,2026,3,2026-09-19,Western Kentucky,Indiana,0,38,CollegeFootballData (CFBD),401858449
401858450,2026,3,2026-09-19,UTEP,Michigan,17,52,CollegeFootballData (CFBD),401858450
401858451,2026,3,2026-09-19,Akron,Minnesota,7,41,CollegeFootballData (CFBD),401858451
401858453,2026,3,2026-09-19,Michigan State,Notre Dame,10,27,CollegeFootballData (CFBD),401858453
401858454,2026,3,2026-09-19,Kent State,Ohio State,3,59,CollegeFootballData (CFBD),401858454
401858456,2026,3,2026-09-19,Buffalo,Penn State,13,55,CollegeFootballData (CFBD),401858456
401858457,2026,3,2026-09-19,USC,Rutgers,42,35,CollegeFootballData (CFBD),401858457
401858460,2026,3,2026-09-19,Eastern Michigan,Wisconsin,10,54,CollegeFootballData (CFBD),401858460
401860889,2026,3,2026-09-19,North Texas,Texas State,35,49,CollegeFootballData (CFBD),401860889
401861963,2026,3,2026-09-19,UConn,Southern Miss,48,20,CollegeFootballData (CFBD),401861963
401862710,2026,3,2026-09-19,East Carolina,Old Dominion,20,17,CollegeFootballData (CFBD),401862710
401862771,2026,3,2026-09-19,Florida International,Florida Atlantic,10,16,CollegeFootballData (CFBD),401862771
401862773,2026,3,2026-09-19,Western Michigan,Rice,28,21,CollegeFootballData (CFBD),401862773
401862774,2026,3,2026-09-19,Temple,Toledo,48,49,CollegeFootballData (CFBD),401862774
401864443,2026,3,2026-09-19,Nevada,Middle Tennessee,20,27,CollegeFootballData (CFBD),401864443
401864508,2026,3,2026-09-19,Wyoming,Central Michigan,10,24,CollegeFootballData (CFBD),401864508
401864574,2026,3,2026-09-19,Charlotte,App State,21,26,CollegeFootballData (CFBD),401864574
401866422,2026,3,2026-09-19,Ball State,Liberty,15,51,CollegeFootballData (CFBD),401866422
401866423,2026,3,2026-09-19,Ohio,South Alabama,36,41,CollegeFootballData (CFBD),401866423
401867804,2026,3,2026-09-19,Louisiana Tech,Baylor,19,36,CollegeFootballData (CFBD),401867804
401869940,2026,3,2026-09-19,Coastal Carolina,Delaware,14,22,CollegeFootballData (CFBD),401869940
401869948,2026,3,2026-09-19,Georgia Southern,Jacksonville State,27,31,CollegeFootballData (CFBD),401869948
401871047,2026,3,2026-09-19,Marshall,Missouri State,30,24,CollegeFootballData (CFBD),401871047
401856693,2026,3,2026-09-20,UTSA,Texas,6,30,CollegeFootballData (CFBD),401856693
401856793,2026,3,2026-09-20,Northern Illinois,Arizona,17,42,CollegeFootballData (CFBD),401856793
401856799,2026,3,2026-09-20,Arkansas State,TCU,7,31,CollegeFootballData (CFBD),401856799
401858458,2026,3,2026-09-20,Purdue,UCLA,38,52,CollegeFootballData (CFBD),401858458
401860887,2026,3,2026-09-20,James Madison,San Diego State,26,13,CollegeFootballData (CFBD),401860887
401860888,2026,3,2026-09-20,Fresno State,San José State,26,10,CollegeFootballData (CFBD),401860888
401862776,2026,3,2026-09-20,UAB,Louisiana,14,21,CollegeFootballData (CFBD),401862776
401864507,2026,3,2026-09-20,North Dakota State,Sacramento State,31,10,CollegeFootballData (CFBD),401864507
401869941,2026,4,2026-09-24,Liberty,Coastal Carolina,34,17,CollegeFootballData (CFBD),401869941
401862778,2026,4,2026-09-25,Navy,UAB,20,24,CollegeFootballData (CFBD),401862778
401862779,2026,4,2026-09-25,Army,Temple,21,17,CollegeFootballData (CFBD),401862779
401856696,2026,4,2026-09-26,South Carolina,Alabama,18,49,CollegeFootballData (CFBD),401856696
401856698,2026,4,2026-09-26,Vanderbilt,Auburn,15,21,CollegeFootballData (CFBD),401856698
401856699,2026,4,2026-09-26,Ole Miss,Florida,28,52,CollegeFootballData (CFBD),401856699
401856700,2026,4,2026-09-26,Oklahoma,Georgia,13,41,CollegeFootballData (CFBD),401856700
401856702,2026,4,2026-09-26,Texas A&M,LSU,6,35,CollegeFootballData (CFBD),401856702
401856703,2026,4,2026-09-26,Missouri,Mississippi State,24,31,CollegeFootballData (CFBD),401856703
401856704,2026,4,2026-09-26,Texas,Tennessee,20,17,CollegeFootballData (CFBD),401856704
401856804,2026,4,2026-09-26,Arizona,Washington State,34,24,CollegeFootballData (CFBD),401856804
401856805,2026,4,2026-09-26,Sam Houston,Texas Tech,14,49,CollegeFootballData (CFBD),401856805
401856806,2026,4,2026-09-26,Houston,Georgia Southern,42,28,CollegeFootballData (CFBD),401856806
401856813,2026,4,2026-09-26,Colorado,Baylor,13,23,CollegeFootballData (CFBD),401856813
401856814,2026,4,2026-09-26,Kansas State,Cincinnati,26,31,CollegeFootballData (CFBD),401856814
401856815,2026,4,2026-09-26,TCU,UCF,13,21,CollegeFootballData (CFBD),401856815
401856816,2026,4,2026-09-26,Utah,Iowa State,31,17,CollegeFootballData (CFBD),401856816
401856881,2026,4,2026-09-26,Oklahoma State,West Virginia,41,24,CollegeFootballData (CFBD),401856881
401858234,2026,4,2026-09-26,Clemson,California,24,10,CollegeFootballData (CFBD),401858234
401858238,2026,4,2026-09-26,Central Michigan,Miami,3,52,CollegeFootballData (CFBD),401858238
401858239,2026,4,2026-09-26,Delaware,Virginia,3,42,CollegeFootballData (CFBD),401858239
401858242,2026,4,2026-09-26,Virginia Tech,Boston College,21,14,CollegeFootballData (CFBD),401858242
401858243,2026,4,2026-09-26,Wake Forest,Louisville,30,27,CollegeFootballData (CFBD),401858243
401858461,2026,4,2026-09-26,Northwestern,Indiana,23,29,CollegeFootballData (CFBD),401858461
401858462,2026,4,2026-09-26,UCLA,Maryland,54,3,CollegeFootballData (CFBD),401858462
401858463,2026,4,2026-09-26,Iowa,Michigan,20,19,CollegeFootballData (CFBD),401858463
401858464,2026,4,2026-09-26,Nebraska,Michigan State,31,13,CollegeFootballData (CFBD),401858464
401858465,2026,4,2026-09-26,Illinois,Ohio State,19,42,CollegeFootballData (CFBD),401858465
401858466,2026,4,2026-09-26,Wisconsin,Penn State,24,20,CollegeFootballData (CFBD),401858466
401858467,2026,4,2026-09-26,Notre Dame,Purdue,49,10,CollegeFootballData (CFBD),401858467
401858469,2026,4,2026-09-26,Oregon,USC,41,27,CollegeFootballData (CFBD),401858469
401860893,2026,4,2026-09-26,San Diego State,Toledo,16,41,CollegeFootballData (CFBD),401860893
401860894,2026,4,2026-09-26,Troy,Utah State,10,21,CollegeFootballData (CFBD),401860894
401860896,2026,4,2026-09-26,Colorado State,UTSA,45,59,CollegeFootballData (CFBD),401860896
401860897,2026,4,2026-09-26,Boise State,Western Michigan,32,7,CollegeFootballData (CFBD),401860897
401861970,2026,4,2026-09-26,UConn,Miami (OH),21,24,CollegeFootballData (CFBD),401861970
401862780,2026,4,2026-09-26,Louisiana,Charlotte,34,7,CollegeFootballData (CFBD),401862780
401862784,2026,4,2026-09-26,Southern Miss,Tulane,21,24,CollegeFootballData (CFBD),401862784
401862785,2026,4,2026-09-26,South Florida,Bowling Green,14,6,CollegeFootballData (CFBD),401862785
401864510,2026,4,2026-09-26,Hawai'i,Wyoming,10,27,CollegeFootballData (CFBD),401864510
401864511,2026,4,2026-09-26,Northern Illinois,Georgia State,14,35,CollegeFootballData (CFBD),401864511
401864512,2026,4,2026-09-26,UNLV,Akron,38,10,CollegeFootballData (CFBD),401864512
401864572,2026,4,2026-09-26,App State,NC State,31,41,CollegeFootballData (CFBD),401864572
401864576,2026,4,2026-09-26,South Alabama,Kentucky,21,45,CollegeFootballData (CFBD),401864576
401864579,2026,4,2026-09-26,New Mexico,New Mexico State,42,18,CollegeFootballData (CFBD),401864579
401866425,2026,4,2026-09-26,Ball State,Kent State,13,26,CollegeFootballData (CFBD),401866425
401869931,2026,4,2026-09-26,Kennesaw State,Arkansas State,14,17,CollegeFootballData (CFBD),401869931
401869961,2026,4,2026-09-26,James Madison,Old Dominion,46,20,CollegeFootballData (CFBD),401869961
401871048,2026,4,2026-09-26,Middle Tennessee,Jacksonville State,13,23,CollegeFootballData (CFBD),401871048
401856697,2026,4,2026-09-27,Tulsa,Arkansas,6,34,CollegeFootballData (CFBD),401856697
401858240,2026,4,2026-09-27,Georgia Tech,Stanford,27,34,CollegeFootballData (CFBD),401858240
401858241,2026,4,2026-09-27,Missouri State,SMU,24,34,CollegeFootballData (CFBD),401858241
401858470,2026,4,2026-09-27,Minnesota,Washington,27,24,CollegeFootballData (CFBD),401858470
401860891,2026,4,2026-09-27,Rice,Fresno State,24,38,CollegeFootballData (CFBD),401860891
401860895,2026,4,2026-09-27,Oregon State,UTEP,33,7,CollegeFootballData (CFBD),401860895
401862782,2026,4,2026-09-27,Florida Atlantic,UL Monroe,45,17,CollegeFootballData (CFBD),401862782
401864509,2026,4,2026-09-27,Air Force,Nevada,36,33,CollegeFootballData (CFBD),401864509
401866429,2026,4,2026-09-27,Massachusetts,Sacramento State,35,6,CollegeFootballData (CFBD),401866429
