run_label,published_at_utc,season,week,game_id,date,away_team,home_team,model_lean,published_margin_home,published_margin_text,raw_adv_margin_home,margin_bucket,margin_range_50_low_home,margin_range_50_high_home,margin_range_80_low_home,margin_range_80_high_home,framework_complete,adjustment_source,projection_source,actual_margin_home,actual_winner,grade_status,winner_correct,absolute_margin_error
corrected-week1-derived-inputs-2026-week2,2026-09-08T16:19:51.259056+00:00,2026,2,401858214,2026-09-11,Rutgers,Boston College,Rutgers,-1.250209,Rutgers by 1.3,-4.250209,0-3,,,,,True,upcoming_schedule_adapter_raw_adv_margin_no_framework_adjustment,upcoming_schedule_projection_adapter,,,pending,,
corrected-week1-derived-inputs-2026-week2,2026-09-08T16:19:51.259056+00:00,2026,2,401856671,2026-09-12,Southern Miss,Auburn,Auburn,15.544674,Auburn by 15.5,12.544674,14-21,,,,,True,upcoming_schedule_adapter_raw_adv_margin_no_framework_adjustment,upcoming_schedule_projection_adapter,,,pending,,
corrected-week1-derived-inputs-2026-week2,2026-09-08T16:19:51.259056+00:00,2026,2,401856673,2026-09-12,Western Kentucky,Georgia,Georgia,27.801516,Georgia by 27.8,24.801516,21+,,,,,True,upcoming_schedule_adapter_raw_adv_margin_no_framework_adjustment,upcoming_schedule_projection_adapter,,,pending,,
corrected-week1-derived-inputs-2026-week2,2026-09-08T16:19:51.259056+00:00,2026,2,401856674,2026-09-12,Alabama,Kentucky,Alabama,-8.581085,Alabama by 8.6,-11.581085,7-14,,,,,True,upcoming_schedule_adapter_raw_adv_margin_no_framework_adjustment,upcoming_schedule_projection_adapter,,,pending,,
corrected-week1-derived-inputs-2026-week2,2026-09-08T16:19:51.259056+00:00,2026,2,401856676,2026-09-12,Charlotte,Ole Miss,Ole Miss,25.797532,Ole Miss by 25.8,22.797532,21+,,,,,True,upcoming_schedule_adapter_raw_adv_margin_no_framework_adjustment,upcoming_schedule_projection_adapter,,,pending,,
corrected-week1-derived-inputs-2026-week2,2026-09-08T16:19:51.259056+00:00,2026,2,401856677,2026-09-12,Mississippi State,Minnesota,Minnesota,0.013889,Minnesota by <0.1,-2.986111,0-3,,,,,True,upcoming_schedule_adapter_raw_adv_margin_no_framework_adjustment,upcoming_schedule_projection_adapter,,,pending,,
corrected-week1-derived-inputs-2026-week2,2026-09-08T16:19:51.259056+00:00,2026,2,401856678,2026-09-12,Missouri,Kansas,Missouri,-0.96279,Missouri by 1.0,-3.96279,0-3,,,,,True,upcoming_schedule_adapter_raw_adv_margin_no_framework_adjustment,upcoming_schedule_projection_adapter,,,pending,,
corrected-week1-derived-inputs-2026-week2,2026-09-08T16:19:51.259056+00:00,2026,2,401856679,2026-09-12,Oklahoma,Michigan,Oklahoma,-0.036183,Oklahoma by <0.1,-3.036183,0-3,,,,,True,upcoming_schedule_adapter_raw_adv_margin_no_framework_adjustment,upcoming_schedule_projection_adapter,,,pending,,
corrected-week1-derived-inputs-2026-week2,2026-09-08T16:19:51.259056+00:00,2026,2,401856681,2026-09-12,Tennessee,Georgia Tech,Tennessee,-5.132703,Tennessee by 5.1,-8.132703,3-7,,,,,True,upcoming_schedule_adapter_raw_adv_margin_no_framework_adjustment,upcoming_schedule_projection_adapter,,,pending,,
corrected-week1-derived-inputs-2026-week2,2026-09-08T16:19:51.259056+00:00,2026,2,401856682,2026-09-12,Ohio State,Texas,Ohio State,-6.285466,Ohio State by 6.3,-9.285466,3-7,,,,,True,upcoming_schedule_adapter_raw_adv_margin_no_framework_adjustment,upcoming_schedule_projection_adapter,,,pending,,
corrected-week1-derived-inputs-2026-week2,2026-09-08T16:19:51.259056+00:00,2026,2,401856683,2026-09-12,Arizona State,Texas A&M,Texas A&M,12.425623,Texas A&M by 12.4,9.425623,7-14,,,,,True,upcoming_schedule_adapter_raw_adv_margin_no_framework_adjustment,upcoming_schedule_projection_adapter,,,pending,,
corrected-week1-derived-inputs-2026-week2,2026-09-08T16:19:51.259056+00:00,2026,2,401856684,2026-09-12,Delaware,Vanderbilt,Vanderbilt,25.885325,Vanderbilt by 25.9,22.885325,21+,,,,,True,upcoming_schedule_adapter_raw_adv_margin_no_framework_adjustment,upcoming_schedule_projection_adapter,,,pending,,
corrected-week1-derived-inputs-2026-week2,2026-09-08T16:19:51.259056+00:00,2026,2,401856781,2026-09-12,Washington State,Kansas State,Kansas State,14.424371,Kansas State by 14.4,11.424371,14-21,,,,,True,upcoming_schedule_adapter_raw_adv_margin_no_framework_adjustment,upcoming_schedule_projection_adapter,,,pending,,
corrected-week1-derived-inputs-2026-week2,2026-09-08T16:19:51.259056+00:00,2026,2,401856782,2026-09-12,Oregon,Oklahoma State,Oregon,-21.009644,Oregon by 21.0,-24.009644,21+,,,,,True,upcoming_schedule_adapter_raw_adv_margin_no_framework_adjustment,upcoming_schedule_projection_adapter,,,pending,,
corrected-week1-derived-inputs-2026-week2,2026-09-08T16:19:51.259056+00:00,2026,2,401856783,2026-09-12,Texas Tech,Oregon State,Texas Tech,-20.462565,Texas Tech by 20.5,-23.462565,14-21,,,,,True,upcoming_schedule_adapter_raw_adv_margin_no_framework_adjustment,upcoming_schedule_projection_adapter,,,pending,,
corrected-week1-derived-inputs-2026-week2,2026-09-08T16:19:51.259056+00:00,2026,2,401856788,2026-09-12,Iowa State,Iowa,Iowa,5.213138,Iowa by 5.2,2.213138,3-7,,,,,True,upcoming_schedule_adapter_raw_adv_margin_no_framework_adjustment,upcoming_schedule_projection_adapter,,,pending,,
corrected-week1-derived-inputs-2026-week2,2026-09-08T16:19:51.259056+00:00,2026,2,401856790,2026-09-12,UCF,Pittsburgh,Pittsburgh,7.075591,Pittsburgh by 7.1,4.075591,7-14,,,,,True,upcoming_schedule_adapter_raw_adv_margin_no_framework_adjustment,upcoming_schedule_projection_adapter,,,pending,,
corrected-week1-derived-inputs-2026-week2,2026-09-08T16:19:51.259056+00:00,2026,2,401856810,2026-09-12,Arizona,BYU,BYU,6.197466,BYU by 6.2,3.197466,3-7,,,,,True,upcoming_schedule_adapter_raw_adv_margin_no_framework_adjustment,upcoming_schedule_projection_adapter,,,pending,,
corrected-week1-derived-inputs-2026-week2,2026-09-08T16:19:51.259056+00:00,2026,2,401858216,2026-09-12,California,Syracuse,Syracuse,8.380735,Syracuse by 8.4,5.380735,7-14,,,,,True,upcoming_schedule_adapter_raw_adv_margin_no_framework_adjustment,upcoming_schedule_projection_adapter,,,pending,,
corrected-week1-derived-inputs-2026-week2,2026-09-08T16:19:51.259056+00:00,2026,2,401858217,2026-09-12,Duke,Illinois,Illinois,4.914905,Illinois by 4.9,1.914905,3-7,,,,,True,upcoming_schedule_adapter_raw_adv_margin_no_framework_adjustment,upcoming_schedule_projection_adapter,,,pending,,
corrected-week1-derived-inputs-2026-week2,2026-09-08T16:19:51.259056+00:00,2026,2,401858219,2026-09-12,Georgia Southern,Clemson,Clemson,14.116253,Clemson by 14.1,11.116253,14-21,,,,,True,upcoming_schedule_adapter_raw_adv_margin_no_framework_adjustment,upcoming_schedule_projection_adapter,,,pending,,
corrected-week1-derived-inputs-2026-week2,2026-09-08T16:19:51.259056+00:00,2026,2,401858221,2026-09-12,Old Dominion,Virginia Tech,Virginia Tech,5.376762,Virginia Tech by 5.4,2.376762,3-7,,,,,True,upcoming_schedule_adapter_raw_adv_margin_no_framework_adjustment,upcoming_schedule_projection_adapter,,,pending,,
corrected-week1-derived-inputs-2026-week2,2026-09-08T16:19:51.259056+00:00,2026,2,401858224,2026-09-12,Wake Forest,Purdue,Purdue,1.505636,Purdue by 1.5,-1.494364,0-3,,,,,True,upcoming_schedule_adapter_raw_adv_margin_no_framework_adjustment,upcoming_schedule_projection_adapter,,,pending,,
corrected-week1-derived-inputs-2026-week2,2026-09-08T16:19:51.259056+00:00,2026,2,401858440,2026-09-12,Eastern Michigan,Michigan State,Michigan State,14.737269,Michigan State by 14.7,11.737269,14-21,,,,,True,upcoming_schedule_adapter_raw_adv_margin_no_framework_adjustment,upcoming_schedule_projection_adapter,,,pending,,
corrected-week1-derived-inputs-2026-week2,2026-09-08T16:19:51.259056+00:00,2026,2,401858441,2026-09-12,Bowling Green,Nebraska,Nebraska,18.710886,Nebraska by 18.7,15.710886,14-21,,,,,True,upcoming_schedule_adapter_raw_adv_margin_no_framework_adjustment,upcoming_schedule_projection_adapter,,,pending,,
corrected-week1-derived-inputs-2026-week2,2026-09-08T16:19:51.259056+00:00,2026,2,401858442,2026-09-12,Penn State,Temple,Penn State,-17.707218,Penn State by 17.7,-20.707218,14-21,,,,,True,upcoming_schedule_adapter_raw_adv_margin_no_framework_adjustment,upcoming_schedule_projection_adapter,,,pending,,
corrected-week1-derived-inputs-2026-week2,2026-09-08T16:19:51.259056+00:00,2026,2,401858443,2026-09-12,San Diego State,UCLA,UCLA,2.847841,UCLA by 2.8,-0.152159,0-3,,,,,True,upcoming_schedule_adapter_raw_adv_margin_no_framework_adjustment,upcoming_schedule_projection_adapter,,,pending,,
corrected-week1-derived-inputs-2026-week2,2026-09-08T16:19:51.259056+00:00,2026,2,401858444,2026-09-12,Maryland,UConn,Maryland,-0.450377,Maryland by 0.5,-3.450377,0-3,,,,,True,upcoming_schedule_adapter_raw_adv_margin_no_framework_adjustment,upcoming_schedule_projection_adapter,,,pending,,
corrected-week1-derived-inputs-2026-week2,2026-09-08T16:19:51.259056+00:00,2026,2,401858446,2026-09-12,Utah State,Washington,Washington,20.307855,Washington by 20.3,17.307855,14-21,,,,,True,upcoming_schedule_adapter_raw_adv_margin_no_framework_adjustment,upcoming_schedule_projection_adapter,,,pending,,
corrected-week1-derived-inputs-2026-week2,2026-09-08T16:19:51.259056+00:00,2026,2,401859184,2026-09-12,Rice,Notre Dame,Notre Dame,28.446286,Notre Dame by 28.4,25.446286,21+,,,,,True,upcoming_schedule_adapter_raw_adv_margin_no_framework_adjustment,upcoming_schedule_projection_adapter,,,pending,,
corrected-week1-derived-inputs-2026-week2,2026-09-08T16:19:51.259056+00:00,2026,2,401860881,2026-09-12,Memphis,Boise State,Boise State,2.733809,Boise State by 2.7,-0.266191,0-3,,,,,True,upcoming_schedule_adapter_raw_adv_margin_no_framework_adjustment,upcoming_schedule_projection_adapter,,,pending,,
corrected-week1-derived-inputs-2026-week2,2026-09-08T16:19:51.259056+00:00,2026,2,401860884,2026-09-12,UTSA,Texas State,UTSA,-5.086772,UTSA by 5.1,-8.086772,3-7,,,,,True,upcoming_schedule_adapter_raw_adv_margin_no_framework_adjustment,upcoming_schedule_projection_adapter,,,pending,,
corrected-week1-derived-inputs-2026-week2,2026-09-08T16:19:51.259056+00:00,2026,2,401862702,2026-09-12,South Florida,Army,South Florida,-6.88879,South Florida by 6.9,-9.88879,3-7,,,,,True,upcoming_schedule_adapter_raw_adv_margin_no_framework_adjustment,upcoming_schedule_projection_adapter,,,pending,,
corrected-week1-derived-inputs-2026-week2,2026-09-08T16:19:51.259056+00:00,2026,2,401862703,2026-09-12,Navy,Florida Atlantic,Navy,-9.21149,Navy by 9.2,-12.21149,7-14,,,,,True,upcoming_schedule_adapter_raw_adv_margin_no_framework_adjustment,upcoming_schedule_projection_adapter,,,pending,,
corrected-week1-derived-inputs-2026-week2,2026-09-08T16:19:51.259056+00:00,2026,2,401862705,2026-09-12,UNLV,North Texas,North Texas,10.839693,North Texas by 10.8,7.839693,7-14,,,,,True,upcoming_schedule_adapter_raw_adv_margin_no_framework_adjustment,upcoming_schedule_projection_adapter,,,pending,,
corrected-week1-derived-inputs-2026-week2,2026-09-08T16:19:51.259056+00:00,2026,2,401862707,2026-09-12,Tulsa,Sam Houston,Tulsa,-7.694936,Tulsa by 7.7,-10.694936,7-14,,,,,True,upcoming_schedule_adapter_raw_adv_margin_no_framework_adjustment,upcoming_schedule_projection_adapter,,,pending,,
corrected-week1-derived-inputs-2026-week2,2026-09-08T16:19:51.259056+00:00,2026,2,401862708,2026-09-12,UL Monroe,UAB,UAB,9.740457,UAB by 9.7,6.740457,7-14,,,,,True,upcoming_schedule_adapter_raw_adv_margin_no_framework_adjustment,upcoming_schedule_projection_adapter,,,pending,,
corrected-week1-derived-inputs-2026-week2,2026-09-08T16:19:51.259056+00:00,2026,2,401864571,2026-09-12,App State,East Carolina,East Carolina,6.28396,East Carolina by 6.3,3.28396,3-7,,,,,True,upcoming_schedule_adapter_raw_adv_margin_no_framework_adjustment,upcoming_schedule_projection_adapter,,,pending,,
corrected-week1-derived-inputs-2026-week2,2026-09-08T16:19:51.259056+00:00,2026,2,401864575,2026-09-12,South Alabama,Tulane,Tulane,8.960753,Tulane by 9.0,5.960753,7-14,,,,,True,upcoming_schedule_adapter_raw_adv_margin_no_framework_adjustment,upcoming_schedule_projection_adapter,,,pending,,
corrected-week1-derived-inputs-2026-week2,2026-09-08T16:19:51.259056+00:00,2026,2,401866414,2026-09-12,Buffalo,Florida International,Florida International,5.00167,Florida International by 5.0,2.00167,3-7,,,,,True,upcoming_schedule_adapter_raw_adv_margin_no_framework_adjustment,upcoming_schedule_projection_adapter,,,pending,,
corrected-week1-derived-inputs-2026-week2,2026-09-08T16:19:51.259056+00:00,2026,2,401866418,2026-09-12,Jacksonville State,Ohio,Ohio,2.81376,Ohio by 2.8,-0.18624,0-3,,,,,True,upcoming_schedule_adapter_raw_adv_margin_no_framework_adjustment,upcoming_schedule_projection_adapter,,,pending,,
corrected-week1-derived-inputs-2026-week2,2026-09-08T16:19:51.259056+00:00,2026,2,401867796,2026-09-12,Louisiana Tech,LSU,LSU,16.770053,LSU by 16.8,13.770053,14-21,,,,,True,upcoming_schedule_adapter_raw_adv_margin_no_framework_adjustment,upcoming_schedule_projection_adapter,,,pending,,
corrected-week1-derived-inputs-2026-week2,2026-09-08T16:19:51.259056+00:00,2026,2,401869955,2026-09-12,Georgia State,Kennesaw State,Kennesaw State,1.659706,Kennesaw State by 1.7,-1.340294,0-3,,,,,True,upcoming_schedule_adapter_raw_adv_margin_no_framework_adjustment,upcoming_schedule_projection_adapter,,,pending,,
corrected-week1-derived-inputs-2026-week2,2026-09-08T16:19:51.259056+00:00,2026,2,401871045,2026-09-12,Middle Tennessee,Marshall,Marshall,5.487937,Marshall by 5.5,2.487937,3-7,,,,,True,upcoming_schedule_adapter_raw_adv_margin_no_framework_adjustment,upcoming_schedule_projection_adapter,,,pending,,
corrected-week1-derived-inputs-2026-week2,2026-09-08T16:19:51.259056+00:00,2026,2,401856670,2026-09-13,Arkansas,Utah,Utah,13.968472,Utah by 14.0,10.968472,7-14,,,,,True,upcoming_schedule_adapter_raw_adv_margin_no_framework_adjustment,upcoming_schedule_projection_adapter,,,pending,,
corrected-week1-derived-inputs-2026-week2,2026-09-08T16:19:51.259056+00:00,2026,2,401858445,2026-09-13,Louisiana,USC,USC,26.054926,USC by 26.1,23.054926,21+,,,,,True,upcoming_schedule_adapter_raw_adv_margin_no_framework_adjustment,upcoming_schedule_projection_adapter,,,pending,,
corrected-week1-derived-inputs-2026-week2,2026-09-08T16:19:51.259056+00:00,2026,2,401860883,2026-09-13,Sacramento State,Fresno State,Fresno State,15.198119,Fresno State by 15.2,12.198119,14-21,,,,,False,upcoming_schedule_adapter_raw_adv_margin_no_framework_adjustment,upcoming_schedule_projection_adapter,,,pending,,
corrected-week1-derived-inputs-2026-week2,2026-09-08T16:19:51.259056+00:00,2026,2,401864502,2026-09-13,North Dakota State,Air Force,North Dakota State,-2.131941,North Dakota State by 2.1,-5.131941,0-3,,,,,True,upcoming_schedule_adapter_raw_adv_margin_no_framework_adjustment,upcoming_schedule_projection_adapter,,,pending,,
corrected-week1-derived-inputs-2026-week2,2026-09-08T16:19:51.259056+00:00,2026,2,401864578,2026-09-13,New Mexico State,Hawai'i,Hawai'i,4.516235,Hawai'i by 4.5,1.516235,3-7,,,,,True,upcoming_schedule_adapter_raw_adv_margin_no_framework_adjustment,upcoming_schedule_projection_adapter,,,pending,,
